product_id,product_category_name,product_weight_g,product_length_cm,product_height_cm,product_width_cm
prod_00000,watches_gifts,486.0,76.1,45.9,10.2
prod_00001,sports_leisure,2426.0,66.2,55.4,59.1
prod_00002,health_beauty,843.0,38.0,38.0,23.5
prod_00003,housewares,4923.0,76.6,36.9,40.3
prod_00004,fashion_shoes,1201.0,46.7,4.6,11.1
prod_00005,computers_accessories,5869.0,11.6,51.6,44.0
prod_00006,furniture_decor,7017.0,28.2,4.7,51.2
prod_00007,computers_accessories,8738.0,53.5,20.2,10.8
prod_00008,bed_bath_table,8541.0,21.0,55.7,11.9
prod_00009,computers_accessories,2533.0,50.9,57.1,20.5
prod_00010,watches_gifts,362.0,35.3,59.5,5.7
prod_00011,auto,3032.0,47.4,29.6,59.2
prod_00012,garden_tools,6405.0,10.1,12.3,37.9
prod_00013,auto,632.0,69.4,30.3,38.4
prod_00014,garden_tools,3301.0,35.3,7.9,57.7
prod_00015,sports_leisure,2753.0,19.8,52.6,50.8
prod_00016,toys,2052.0,40.7,34.5,49.8
prod_00017,computers_accessories,6385.0,44.0,25.5,23.7
prod_00018,garden_tools,5966.0,54.6,6.6,23.4
prod_00019,bed_bath_table,4866.0,46.7,25.5,21.0
prod_00020,auto,8206.0,13.0,52.2,24.1
prod_00021,bed_bath_table,1018.0,71.0,42.8,25.3
prod_00022,computers_accessories,1432.0,42.0,6.8,12.7
prod_00023,sports_leisure,3513.0,15.4,11.3,24.6
prod_00024,garden_tools,5937.0,64.1,24.8,29.6
prod_00025,health_beauty,5298.0,56.2,7.9,22.0
prod_00026,furniture_decor,759.0,55.5,56.2,14.1
prod_00027,sports_leisure,8630.0,39.9,39.8,25.5
prod_00028,garden_tools,2815.0,38.7,7.5,31.4
prod_00029,fashion_shoes,3295.0,47.5,47.7,44.6
prod_00030,telephony,5650.0,13.5,23.4,44.1
prod_00031,watches_gifts,8512.0,30.9,16.2,16.1
prod_00032,sports_leisure,5998.0,79.2,35.1,7.0
prod_00033,auto,8597.0,56.4,2.8,21.7
prod_00034,bed_bath_table,1770.0,39.3,29.0,13.6
prod_00035,bed_bath_table,5607.0,25.6,50.9,26.8
prod_00036,computers_accessories,7477.0,62.2,55.8,58.9
prod_00037,furniture_decor,4630.0,28.2,21.9,15.0
prod_00038,housewares,3323.0,21.4,39.3,22.5
prod_00039,fashion_shoes,8864.0,20.8,15.2,44.9
prod_00040,telephony,1355.0,61.0,34.5,33.0
prod_00041,sports_leisure,3757.0,55.0,16.7,7.4
prod_00042,computers_accessories,7873.0,14.9,35.1,13.9
prod_00043,telephony,8114.0,18.1,12.0,56.4
prod_00044,furniture_decor,8825.0,54.4,56.6,10.7
prod_00045,fashion_shoes,7975.0,50.0,53.4,39.9
prod_00046,housewares,554.0,58.0,21.5,48.6
prod_00047,watches_gifts,8375.0,22.5,47.0,19.6
prod_00048,toys,3911.0,60.9,7.5,44.9
prod_00049,furniture_decor,5899.0,75.5,44.9,14.3
prod_00050,housewares,3609.0,52.1,18.4,20.7
prod_00051,watches_gifts,7342.0,23.7,9.9,22.2
prod_00052,furniture_decor,5226.0,57.6,41.3,59.8
prod_00053,health_beauty,7625.0,34.0,29.2,16.8
prod_00054,furniture_decor,1825.0,13.5,32.7,12.1
prod_00055,bed_bath_table,1746.0,31.2,32.2,55.9
prod_00056,garden_tools,4019.0,73.4,5.4,13.9
prod_00057,health_beauty,142.0,38.8,5.0,53.4
prod_00058,furniture_decor,6266.0,70.5,36.9,40.8
prod_00059,toys,2735.0,45.6,38.2,36.7
prod_00060,watches_gifts,5060.0,46.2,4.7,46.3
prod_00061,garden_tools,723.0,10.4,23.9,44.9
prod_00062,garden_tools,1619.0,54.6,37.5,11.1
prod_00063,furniture_decor,5643.0,17.5,40.1,60.0
prod_00064,telephony,2820.0,43.5,50.0,56.8
prod_00065,computers_accessories,2011.0,28.2,26.4,54.3
prod_00066,telephony,2137.0,37.5,33.8,39.2
prod_00067,garden_tools,2012.0,47.6,35.6,33.8
prod_00068,toys,5643.0,11.0,20.1,34.5
prod_00069,fashion_shoes,1592.0,29.9,5.1,5.8
prod_00070,health_beauty,3328.0,79.3,2.2,32.5
prod_00071,furniture_decor,6222.0,14.0,50.5,39.3
prod_00072,watches_gifts,4672.0,32.4,13.6,41.2
prod_00073,furniture_decor,5416.0,32.5,38.6,23.3
prod_00074,telephony,2333.0,36.6,35.5,30.9
prod_00075,toys,8401.0,57.9,25.2,40.0
prod_00076,furniture_decor,3784.0,27.3,50.3,28.6
prod_00077,toys,2654.0,42.2,42.5,57.9
prod_00078,toys,8149.0,55.1,3.3,43.8
prod_00079,toys,5932.0,32.6,47.0,5.1
prod_00080,health_beauty,5564.0,76.4,31.4,6.3
prod_00081,furniture_decor,7992.0,78.6,22.1,43.0
prod_00082,bed_bath_table,621.0,18.4,44.2,27.7
prod_00083,bed_bath_table,7555.0,34.1,41.8,51.2
prod_00084,health_beauty,6133.0,24.6,20.0,14.5
prod_00085,housewares,3304.0,23.1,59.0,5.8
prod_00086,bed_bath_table,2382.0,44.4,39.6,26.3
prod_00087,furniture_decor,1033.0,49.5,37.1,45.5
prod_00088,fashion_shoes,8476.0,39.8,6.1,58.4
prod_00089,toys,1363.0,29.1,18.2,53.6
prod_00090,fashion_shoes,2409.0,29.5,27.9,31.6
prod_00091,health_beauty,6251.0,79.4,38.6,49.7
prod_00092,telephony,6420.0,74.7,31.7,8.9
prod_00093,telephony,1531.0,15.3,46.3,36.5
prod_00094,bed_bath_table,7346.0,56.0,17.2,55.8
prod_00095,toys,4642.0,42.0,42.7,26.8
prod_00096,sports_leisure,7651.0,58.2,49.4,57.8
prod_00097,fashion_shoes,877.0,51.8,46.4,17.1
prod_00098,bed_bath_table,481.0,72.2,46.7,10.8
prod_00099,telephony,5769.0,14.7,53.5,33.9
prod_00100,bed_bath_table,1435.0,34.5,6.9,54.9
prod_00101,fashion_shoes,4772.0,79.0,42.4,22.1
prod_00102,telephony,226.0,22.8,58.2,49.0
prod_00103,health_beauty,7041.0,18.9,35.3,14.3
prod_00104,computers_accessories,8106.0,61.0,14.6,46.0
prod_00105,sports_leisure,7566.0,64.4,59.9,35.6
prod_00106,health_beauty,8629.0,57.1,12.1,14.6
prod_00107,health_beauty,8138.0,64.3,21.5,44.5
prod_00108,fashion_shoes,4052.0,58.6,12.0,44.3
prod_00109,fashion_shoes,3645.0,19.5,28.9,33.3
prod_00110,watches_gifts,8076.0,52.6,26.3,17.4
prod_00111,toys,8350.0,64.4,30.5,12.3
prod_00112,telephony,8758.0,70.6,55.8,57.6
prod_00113,health_beauty,6938.0,27.2,29.7,41.1
prod_00114,garden_tools,1898.0,18.9,31.8,49.5
prod_00115,health_beauty,8510.0,64.7,53.4,43.3
prod_00116,auto,8530.0,28.0,49.4,50.6
prod_00117,sports_leisure,6029.0,12.2,15.9,13.9
prod_00118,bed_bath_table,7730.0,67.8,2.7,32.3
prod_00119,furniture_decor,5094.0,45.4,38.5,41.7
prod_00120,garden_tools,8503.0,32.9,51.0,10.7
prod_00121,toys,936.0,10.8,34.1,13.2
prod_00122,watches_gifts,7789.0,12.5,14.2,39.9
prod_00123,bed_bath_table,594.0,65.5,45.0,52.8
prod_00124,toys,3118.0,44.3,40.8,41.3
prod_00125,auto,1304.0,20.5,34.8,7.0
prod_00126,sports_leisure,4364.0,35.1,52.1,58.4
prod_00127,watches_gifts,2167.0,21.6,47.5,12.7
prod_00128,fashion_shoes,8573.0,17.9,40.7,17.8
prod_00129,sports_leisure,5078.0,29.3,40.6,58.6
prod_00130,health_beauty,8090.0,48.5,40.4,47.4
prod_00131,bed_bath_table,2575.0,24.7,32.5,56.5
prod_00132,telephony,331.0,34.1,28.9,49.4
prod_00133,fashion_shoes,7003.0,43.5,43.2,40.8
prod_00134,garden_tools,6351.0,39.4,37.4,20.7
prod_00135,telephony,4955.0,19.0,30.4,23.0
prod_00136,furniture_decor,7357.0,12.7,9.3,57.1
prod_00137,housewares,7577.0,12.5,42.7,52.3
prod_00138,health_beauty,5332.0,34.5,39.5,24.8
prod_00139,sports_leisure,8697.0,60.3,21.9,25.5
prod_00140,telephony,6505.0,19.2,22.7,21.4
prod_00141,toys,6124.0,65.1,16.3,22.9
prod_00142,fashion_shoes,3317.0,60.1,57.8,52.3
prod_00143,auto,120.0,10.3,51.9,5.6
prod_00144,health_beauty,2244.0,11.9,34.5,29.0
prod_00145,auto,6899.0,23.7,25.3,56.9
prod_00146,computers_accessories,6418.0,13.9,44.7,34.8
prod_00147,telephony,3046.0,47.2,32.6,29.8
prod_00148,fashion_shoes,5668.0,12.8,58.6,22.2
prod_00149,toys,1838.0,66.2,5.2,9.1
prod_00150,telephony,2446.0,44.5,4.0,17.3
prod_00151,furniture_decor,8532.0,61.0,35.0,10.0
prod_00152,watches_gifts,3777.0,62.5,13.8,12.0
prod_00153,garden_tools,2280.0,45.5,37.0,14.0
prod_00154,watches_gifts,4435.0,74.8,47.3,21.6
prod_00155,sports_leisure,3544.0,79.3,10.0,5.6
prod_00156,sports_leisure,6593.0,35.1,27.6,57.3
prod_00157,telephony,8663.0,18.8,41.9,11.8
prod_00158,health_beauty,5366.0,35.4,50.4,26.1
prod_00159,fashion_shoes,5361.0,25.6,30.8,53.4
prod_00160,bed_bath_table,3347.0,47.2,14.0,10.9
prod_00161,fashion_shoes,5125.0,36.5,36.0,31.6
prod_00162,health_beauty,2942.0,43.6,28.4,51.5
prod_00163,watches_gifts,110.0,63.4,46.8,35.6
prod_00164,housewares,7808.0,29.2,34.2,16.6
prod_00165,watches_gifts,3922.0,47.6,18.2,45.5
prod_00166,housewares,4480.0,33.5,45.8,42.5
prod_00167,toys,843.0,64.9,32.0,24.9
prod_00168,health_beauty,7550.0,54.8,12.3,7.5
prod_00169,fashion_shoes,1616.0,10.6,34.7,5.4
prod_00170,garden_tools,3755.0,56.2,57.0,50.4
prod_00171,auto,7578.0,21.9,42.9,22.7
prod_00172,bed_bath_table,4174.0,60.7,19.3,12.6
prod_00173,health_beauty,8387.0,49.7,43.2,33.5
prod_00174,sports_leisure,1963.0,38.1,18.4,55.6
prod_00175,furniture_decor,6466.0,58.6,33.5,5.5
prod_00176,auto,8804.0,70.0,32.5,8.1
prod_00177,toys,4992.0,64.5,16.3,27.9
prod_00178,housewares,6260.0,48.2,22.2,42.2
prod_00179,auto,3600.0,60.6,56.6,31.2
prod_00180,health_beauty,6787.0,39.0,16.5,54.4
prod_00181,garden_tools,8189.0,65.2,48.5,7.4
prod_00182,bed_bath_table,6357.0,68.0,40.7,23.7
prod_00183,garden_tools,8430.0,19.6,32.9,24.3
prod_00184,sports_leisure,5339.0,26.7,10.0,23.7
prod_00185,sports_leisure,5237.0,28.9,13.9,31.8
prod_00186,furniture_decor,2811.0,21.6,12.4,48.5
prod_00187,sports_leisure,6416.0,37.5,36.0,22.5
prod_00188,toys,7949.0,23.5,58.5,45.9
prod_00189,auto,5852.0,51.7,52.9,13.1
prod_00190,sports_leisure,2174.0,17.1,3.5,35.8
prod_00191,furniture_decor,4943.0,28.9,17.9,25.6
prod_00192,watches_gifts,6828.0,56.6,11.1,34.7
prod_00193,garden_tools,8460.0,37.9,58.6,10.9
prod_00194,computers_accessories,1494.0,39.5,15.7,57.4
prod_00195,garden_tools,1235.0,65.9,13.7,54.8
prod_00196,fashion_shoes,3775.0,78.9,38.0,50.5
prod_00197,toys,1218.0,49.6,34.3,54.1
prod_00198,watches_gifts,8826.0,15.5,15.1,13.1
prod_00199,furniture_decor,3876.0,17.2,40.9,32.7
prod_00200,furniture_decor,4849.0,77.8,7.6,22.5
prod_00201,garden_tools,2121.0,57.5,3.1,53.8
prod_00202,housewares,4097.0,62.7,6.8,15.4
prod_00203,bed_bath_table,8864.0,57.3,23.2,17.1
prod_00204,garden_tools,4449.0,22.6,58.6,42.8
prod_00205,bed_bath_table,179.0,41.4,33.7,9.9
prod_00206,fashion_shoes,2258.0,65.9,45.8,45.3
prod_00207,housewares,8808.0,70.6,20.6,19.7
prod_00208,sports_leisure,8903.0,26.6,43.7,41.4
prod_00209,health_beauty,1973.0,51.7,58.0,53.0
prod_00210,computers_accessories,5576.0,21.0,22.8,38.5
prod_00211,fashion_shoes,784.0,77.1,59.9,16.7
prod_00212,watches_gifts,5239.0,27.7,39.0,7.7
prod_00213,toys,1221.0,60.9,45.4,7.5
prod_00214,fashion_shoes,7386.0,26.2,16.6,9.9
prod_00215,health_beauty,8462.0,53.1,39.3,36.9
prod_00216,sports_leisure,1640.0,56.1,31.6,24.2
prod_00217,toys,4218.0,33.0,57.5,18.4
prod_00218,housewares,1008.0,67.3,54.5,17.1
prod_00219,watches_gifts,3118.0,72.0,25.0,57.2
prod_00220,watches_gifts,679.0,69.9,56.9,11.5
prod_00221,garden_tools,2454.0,33.2,53.3,21.8
prod_00222,fashion_shoes,8913.0,62.1,36.2,30.9
prod_00223,toys,497.0,49.2,6.8,5.0
prod_00224,telephony,7745.0,51.5,11.3,55.7
prod_00225,watches_gifts,789.0,43.4,6.5,10.5
prod_00226,sports_leisure,4808.0,52.0,8.3,42.5
prod_00227,bed_bath_table,4124.0,19.5,58.7,39.6
prod_00228,garden_tools,8391.0,38.6,14.3,49.5
prod_00229,health_beauty,1872.0,22.4,42.1,40.8
prod_00230,garden_tools,1699.0,29.6,38.9,47.3
prod_00231,housewares,6764.0,18.9,38.6,28.2
prod_00232,auto,6559.0,24.9,14.0,31.9
prod_00233,fashion_shoes,6323.0,64.7,35.6,43.6
prod_00234,watches_gifts,333.0,48.5,38.3,36.3
prod_00235,watches_gifts,2414.0,11.7,35.1,33.1
prod_00236,housewares,7575.0,65.2,12.8,16.3
prod_00237,sports_leisure,5448.0,73.7,43.9,19.2
prod_00238,bed_bath_table,5460.0,71.6,6.2,24.7
prod_00239,health_beauty,2734.0,67.6,36.3,5.5
prod_00240,garden_tools,2416.0,79.5,27.3,28.0
prod_00241,toys,8524.0,51.0,16.5,5.2
prod_00242,health_beauty,6577.0,77.4,48.8,36.1
prod_00243,furniture_decor,1229.0,76.4,12.2,43.7
prod_00244,telephony,8446.0,31.9,56.1,35.9
prod_00245,garden_tools,5283.0,70.4,53.3,43.1
prod_00246,garden_tools,3067.0,65.5,22.9,5.0
prod_00247,garden_tools,3635.0,64.3,19.7,8.3
prod_00248,bed_bath_table,6556.0,72.7,10.0,43.4
prod_00249,furniture_decor,3449.0,36.9,55.1,49.2
prod_00250,housewares,5251.0,38.0,38.4,44.5
prod_00251,health_beauty,6423.0,54.8,3.8,41.5
prod_00252,sports_leisure,1839.0,61.6,31.6,43.9
prod_00253,sports_leisure,8504.0,71.6,7.0,45.7
prod_00254,fashion_shoes,3270.0,71.3,35.3,44.8
prod_00255,furniture_decor,3832.0,60.5,31.5,45.6
prod_00256,fashion_shoes,6317.0,77.0,6.8,9.1
prod_00257,garden_tools,5518.0,22.5,49.3,8.5
prod_00258,garden_tools,4017.0,76.5,17.2,24.9
prod_00259,auto,5883.0,14.5,33.4,34.0
prod_00260,toys,8135.0,48.9,39.1,46.9
prod_00261,computers_accessories,7223.0,16.3,57.8,23.4
prod_00262,housewares,7436.0,49.8,30.6,20.1
prod_00263,watches_gifts,2400.0,37.3,55.2,48.0
prod_00264,fashion_shoes,3833.0,15.7,22.6,18.7
prod_00265,health_beauty,5029.0,55.4,51.7,50.1
prod_00266,housewares,493.0,61.2,15.7,14.7
prod_00267,computers_accessories,6951.0,22.2,43.0,24.8
prod_00268,computers_accessories,2979.0,58.6,7.1,27.1
prod_00269,auto,2615.0,22.5,59.2,21.5
prod_00270,computers_accessories,2408.0,19.6,57.3,5.2
prod_00271,auto,2622.0,20.3,27.6,18.0
prod_00272,fashion_shoes,3108.0,51.9,32.4,23.6
prod_00273,auto,5483.0,64.5,36.7,22.2
prod_00274,computers_accessories,5294.0,51.8,18.0,48.2
prod_00275,bed_bath_table,2376.0,66.7,41.1,7.6
prod_00276,housewares,1937.0,51.4,42.5,26.4
prod_00277,watches_gifts,7455.0,65.8,32.5,7.1
prod_00278,auto,925.0,78.4,10.6,56.2
prod_00279,housewares,4664.0,37.4,55.3,48.5
prod_00280,computers_accessories,4733.0,20.5,8.7,59.0
prod_00281,fashion_shoes,5210.0,19.5,38.5,55.1
prod_00282,toys,7982.0,51.8,8.0,22.4
prod_00283,telephony,5653.0,48.3,10.5,43.0
prod_00284,garden_tools,8765.0,22.9,3.2,21.9
prod_00285,fashion_shoes,7855.0,71.7,23.1,53.9
prod_00286,housewares,2011.0,77.0,39.1,27.6
prod_00287,bed_bath_table,2247.0,27.7,32.2,25.7
prod_00288,telephony,3168.0,24.5,41.1,55.3
prod_00289,housewares,3584.0,25.0,41.2,51.0
prod_00290,auto,5022.0,37.1,10.1,58.2
prod_00291,auto,2169.0,69.7,5.3,8.7
prod_00292,housewares,2079.0,51.7,38.3,18.4
prod_00293,sports_leisure,3494.0,14.7,39.9,21.5
prod_00294,housewares,6081.0,43.1,34.3,28.3
prod_00295,telephony,6224.0,16.3,16.3,31.0
prod_00296,telephony,8787.0,38.4,49.0,21.0
prod_00297,watches_gifts,1901.0,38.2,6.4,48.5
prod_00298,watches_gifts,3596.0,55.4,38.7,17.3
prod_00299,fashion_shoes,8686.0,48.5,9.0,43.3
prod_00300,furniture_decor,6241.0,71.2,40.0,51.8
prod_00301,computers_accessories,5371.0,11.1,26.2,38.2
prod_00302,auto,4903.0,64.2,43.6,24.5
prod_00303,fashion_shoes,772.0,11.6,5.0,15.3
prod_00304,telephony,8051.0,31.3,34.2,12.4
prod_00305,sports_leisure,5667.0,71.6,10.4,45.9
prod_00306,sports_leisure,5188.0,58.3,41.6,30.8
prod_00307,housewares,4902.0,22.0,9.0,7.5
prod_00308,health_beauty,3588.0,44.4,6.3,59.1
prod_00309,watches_gifts,2367.0,60.5,43.4,41.9
prod_00310,furniture_decor,6822.0,75.6,5.7,51.4
prod_00311,furniture_decor,4635.0,54.4,15.0,29.1
prod_00312,watches_gifts,402.0,11.7,49.8,57.5
prod_00313,fashion_shoes,3652.0,45.0,49.0,16.0
prod_00314,computers_accessories,8365.0,20.7,51.5,15.2
prod_00315,toys,3428.0,13.3,20.9,54.0
prod_00316,watches_gifts,3778.0,51.9,32.6,54.0
prod_00317,fashion_shoes,5653.0,64.4,46.9,32.4
prod_00318,sports_leisure,7235.0,12.5,9.9,11.9
prod_00319,fashion_shoes,6049.0,64.9,44.0,21.8
prod_00320,telephony,7665.0,59.4,7.7,46.5
prod_00321,garden_tools,1114.0,62.6,55.0,51.5
prod_00322,watches_gifts,8329.0,27.1,39.0,24.1
prod_00323,housewares,8145.0,37.6,30.6,8.4
prod_00324,watches_gifts,4720.0,18.4,30.1,41.6
prod_00325,toys,5660.0,26.7,12.5,45.7
prod_00326,auto,1994.0,31.2,22.1,28.3
prod_00327,health_beauty,4087.0,32.4,44.2,37.1
prod_00328,garden_tools,1904.0,22.3,33.4,59.3
prod_00329,toys,296.0,23.2,32.7,18.5
prod_00330,garden_tools,8830.0,73.1,13.3,36.5
prod_00331,housewares,2406.0,64.9,42.0,38.6
prod_00332,sports_leisure,5379.0,34.1,24.7,35.2
prod_00333,garden_tools,2772.0,76.3,12.6,52.8
prod_00334,telephony,3399.0,26.7,56.7,38.3
prod_00335,sports_leisure,3640.0,38.5,31.4,32.9
prod_00336,sports_leisure,3082.0,66.9,32.6,11.8
prod_00337,sports_leisure,5773.0,41.0,58.9,43.7
prod_00338,health_beauty,8652.0,26.4,23.3,12.3
prod_00339,health_beauty,3915.0,35.8,56.7,6.5
prod_00340,health_beauty,8763.0,45.1,42.3,31.9
prod_00341,housewares,6043.0,53.4,38.7,36.5
prod_00342,watches_gifts,5504.0,38.4,15.6,59.9
prod_00343,sports_leisure,2210.0,40.2,5.0,44.2
prod_00344,fashion_shoes,660.0,28.5,27.4,51.7
prod_00345,computers_accessories,7682.0,47.5,2.6,24.1
prod_00346,sports_leisure,5208.0,25.4,6.1,33.0
prod_00347,computers_accessories,3788.0,70.7,36.5,58.6
prod_00348,furniture_decor,7327.0,62.3,44.0,28.0
prod_00349,telephony,2864.0,38.7,11.7,49.4
prod_00350,furniture_decor,7074.0,62.3,44.5,33.9
prod_00351,furniture_decor,3019.0,10.5,57.1,17.3
prod_00352,garden_tools,8296.0,34.1,45.1,36.9
prod_00353,auto,2485.0,40.8,47.5,17.0
prod_00354,computers_accessories,1324.0,42.9,42.6,5.2
prod_00355,bed_bath_table,6313.0,62.4,15.0,18.0
prod_00356,computers_accessories,1549.0,77.4,22.9,15.6
prod_00357,watches_gifts,8549.0,36.6,57.1,25.4
prod_00358,fashion_shoes,5934.0,34.5,40.4,53.9
prod_00359,bed_bath_table,2155.0,52.7,47.8,26.3
prod_00360,health_beauty,1958.0,29.7,58.2,51.5
prod_00361,watches_gifts,8322.0,19.9,15.4,35.6
prod_00362,fashion_shoes,5510.0,77.3,20.7,5.4
prod_00363,watches_gifts,8054.0,66.7,39.4,15.4
prod_00364,fashion_shoes,1081.0,77.1,3.4,56.2
prod_00365,telephony,8336.0,25.2,35.1,38.2
prod_00366,health_beauty,4728.0,11.2,48.9,56.1
prod_00367,housewares,6049.0,40.6,37.4,22.1
prod_00368,auto,3419.0,75.4,19.1,44.4
prod_00369,watches_gifts,626.0,19.7,44.0,47.5
prod_00370,computers_accessories,8626.0,18.2,10.5,58.7
prod_00371,computers_accessories,8952.0,14.8,53.9,6.0
prod_00372,telephony,3344.0,63.6,7.9,57.4
prod_00373,housewares,8500.0,65.0,52.1,26.5
prod_00374,watches_gifts,1593.0,58.7,30.9,51.1
prod_00375,sports_leisure,1477.0,13.7,26.9,35.0
prod_00376,sports_leisure,751.0,60.6,31.0,36.1
prod_00377,telephony,3582.0,41.4,13.6,24.8
prod_00378,health_beauty,565.0,21.1,28.5,50.6
prod_00379,housewares,3612.0,30.7,51.3,19.5
prod_00380,sports_leisure,1332.0,45.1,48.5,32.1
prod_00381,auto,6602.0,33.1,11.5,35.8
prod_00382,garden_tools,7517.0,77.9,41.1,45.8
prod_00383,housewares,6222.0,43.2,51.7,30.9
prod_00384,furniture_decor,1884.0,36.1,49.5,42.4
prod_00385,computers_accessories,6925.0,57.1,26.7,31.7
prod_00386,computers_accessories,2321.0,55.5,4.8,41.3
prod_00387,furniture_decor,6859.0,10.2,56.0,42.1
prod_00388,auto,5150.0,53.3,25.0,44.0
prod_00389,health_beauty,3364.0,27.1,22.9,50.3
prod_00390,health_beauty,843.0,36.3,46.1,34.7
prod_00391,watches_gifts,7465.0,59.4,17.3,15.6
prod_00392,computers_accessories,8463.0,49.0,50.4,42.4
prod_00393,auto,6027.0,35.8,6.4,9.2
prod_00394,auto,8684.0,21.7,45.0,17.0
prod_00395,auto,8414.0,45.4,58.0,48.6
prod_00396,housewares,1832.0,32.4,59.8,28.9
prod_00397,housewares,6608.0,73.9,55.6,32.4
prod_00398,housewares,3209.0,47.4,52.5,59.3
prod_00399,computers_accessories,4439.0,70.6,18.2,17.9
prod_00400,watches_gifts,1497.0,37.3,58.1,6.1
prod_00401,toys,8776.0,67.9,55.8,11.1
prod_00402,furniture_decor,6563.0,14.0,33.0,18.4
prod_00403,health_beauty,2475.0,30.9,25.3,44.9
prod_00404,watches_gifts,3406.0,15.5,8.3,47.7
prod_00405,sports_leisure,3860.0,12.2,36.3,36.1
prod_00406,auto,6753.0,74.3,42.6,19.0
prod_00407,toys,8339.0,60.2,25.4,33.7
prod_00408,fashion_shoes,2961.0,53.8,25.5,5.8
prod_00409,sports_leisure,4305.0,47.3,35.3,42.5
prod_00410,toys,5380.0,49.9,3.6,38.8
prod_00411,bed_bath_table,3601.0,54.7,57.6,6.2
prod_00412,sports_leisure,4587.0,67.9,18.8,49.9
prod_00413,furniture_decor,1041.0,51.8,10.2,47.0
prod_00414,fashion_shoes,1592.0,62.4,2.3,22.0
prod_00415,telephony,3670.0,29.7,51.7,39.9
prod_00416,sports_leisure,8243.0,78.4,52.1,38.1
prod_00417,bed_bath_table,3209.0,12.2,7.5,12.9
prod_00418,auto,2323.0,37.1,10.8,15.6
prod_00419,telephony,6711.0,71.7,28.0,42.6
prod_00420,toys,8547.0,22.6,12.8,56.3
prod_00421,housewares,4186.0,19.9,44.7,36.7
prod_00422,bed_bath_table,177.0,35.6,5.4,36.2
prod_00423,sports_leisure,6225.0,40.0,33.9,40.6
prod_00424,telephony,3794.0,75.3,24.2,29.2
prod_00425,computers_accessories,6095.0,68.5,29.0,8.0
prod_00426,health_beauty,2572.0,42.5,26.6,26.8
prod_00427,auto,121.0,78.1,10.9,54.5
prod_00428,watches_gifts,3166.0,55.0,14.8,49.3
prod_00429,sports_leisure,6373.0,71.2,5.8,56.0
prod_00430,watches_gifts,3599.0,27.2,8.7,13.4
prod_00431,garden_tools,2051.0,44.2,58.7,32.8
prod_00432,health_beauty,4230.0,12.1,18.2,37.2
prod_00433,housewares,6796.0,10.6,19.8,16.5
prod_00434,furniture_decor,1163.0,59.4,9.4,16.1
prod_00435,bed_bath_table,6257.0,18.3,45.8,48.0
prod_00436,health_beauty,6039.0,48.3,55.6,42.0
prod_00437,housewares,3400.0,58.7,47.8,40.6
prod_00438,watches_gifts,8736.0,12.3,37.5,19.7
prod_00439,watches_gifts,8063.0,41.4,49.2,32.9
prod_00440,auto,2914.0,57.9,25.4,6.3
prod_00441,housewares,377.0,72.3,51.9,12.1
prod_00442,telephony,2844.0,30.9,48.3,33.5
prod_00443,auto,1922.0,78.2,2.1,22.0
prod_00444,telephony,4971.0,69.1,30.3,58.1
prod_00445,toys,8277.0,55.5,17.3,30.9
prod_00446,computers_accessories,7846.0,37.4,7.0,9.6
prod_00447,auto,2822.0,59.8,51.1,6.0
prod_00448,garden_tools,3915.0,67.1,2.5,44.9
prod_00449,watches_gifts,425.0,31.2,44.3,14.4
prod_00450,health_beauty,4943.0,79.5,59.3,15.3
prod_00451,watches_gifts,664.0,73.6,30.0,28.3
prod_00452,toys,8454.0,44.0,23.5,19.5
prod_00453,telephony,7816.0,60.6,37.1,38.9
prod_00454,health_beauty,2006.0,46.7,48.7,31.7
prod_00455,furniture_decor,6324.0,63.3,15.9,11.1
prod_00456,watches_gifts,5155.0,67.9,16.5,48.2
prod_00457,auto,7232.0,11.6,37.2,28.4
prod_00458,housewares,4333.0,15.5,56.5,38.6
prod_00459,toys,1807.0,33.6,19.3,5.2
prod_00460,auto,5795.0,74.2,23.9,39.5
prod_00461,furniture_decor,814.0,37.9,59.6,20.6
prod_00462,computers_accessories,5303.0,72.1,12.2,32.2
prod_00463,toys,1993.0,42.4,6.5,21.4
prod_00464,telephony,6196.0,30.2,36.2,59.8
prod_00465,toys,7470.0,73.0,3.4,17.7
prod_00466,fashion_shoes,1075.0,49.2,12.5,55.2
prod_00467,housewares,3662.0,35.2,38.1,55.5
prod_00468,health_beauty,6628.0,13.1,40.3,28.2
prod_00469,toys,1557.0,17.8,31.6,21.7
prod_00470,telephony,5142.0,19.8,24.3,26.0
prod_00471,bed_bath_table,6079.0,35.5,35.4,59.4
prod_00472,watches_gifts,3258.0,52.5,39.3,39.0
prod_00473,health_beauty,7505.0,31.5,48.6,35.0
prod_00474,furniture_decor,4645.0,14.6,48.0,7.0
prod_00475,sports_leisure,5680.0,28.5,40.6,51.6
prod_00476,housewares,1354.0,38.6,53.9,9.6
prod_00477,watches_gifts,306.0,79.5,50.6,7.6
prod_00478,toys,552.0,37.5,9.7,20.1
prod_00479,sports_leisure,8145.0,16.2,57.5,31.2
prod_00480,garden_tools,7956.0,50.7,53.7,54.2
prod_00481,fashion_shoes,7288.0,74.4,20.6,48.5
prod_00482,garden_tools,1877.0,65.1,3.2,15.9
prod_00483,furniture_decor,4777.0,68.5,37.0,25.5
prod_00484,garden_tools,7185.0,75.0,27.4,47.9
prod_00485,furniture_decor,6105.0,54.6,45.5,34.0
prod_00486,housewares,1128.0,79.6,32.4,14.6
prod_00487,telephony,8070.0,12.3,6.4,26.8
prod_00488,furniture_decor,1530.0,68.4,16.2,39.4
prod_00489,health_beauty,1629.0,70.0,53.2,58.5
prod_00490,toys,8119.0,74.2,4.2,41.4
prod_00491,garden_tools,4413.0,43.5,44.7,5.9
prod_00492,bed_bath_table,3419.0,65.1,18.9,43.8
prod_00493,sports_leisure,5028.0,23.7,28.3,18.8
prod_00494,furniture_decor,8834.0,52.2,32.8,52.4
prod_00495,fashion_shoes,1165.0,35.1,16.5,26.1
prod_00496,fashion_shoes,6837.0,51.7,39.8,16.0
prod_00497,garden_tools,3076.0,57.3,42.2,30.7
prod_00498,housewares,1142.0,34.3,6.9,19.0
prod_00499,health_beauty,3855.0,25.1,23.7,18.0
prod_00500,computers_accessories,4984.0,32.5,45.2,36.5
prod_00501,bed_bath_table,1933.0,56.5,43.9,47.2
prod_00502,auto,3707.0,57.4,33.6,50.9
prod_00503,bed_bath_table,5758.0,61.9,47.1,26.9
prod_00504,garden_tools,5230.0,18.9,8.2,8.7
prod_00505,fashion_shoes,6536.0,67.3,8.9,31.6
prod_00506,furniture_decor,7544.0,58.2,40.1,28.9
prod_00507,garden_tools,3741.0,12.1,42.2,15.8
prod_00508,toys,3864.0,33.5,49.2,54.3
prod_00509,housewares,4521.0,42.7,12.5,58.6
prod_00510,housewares,5141.0,35.2,32.0,7.8
prod_00511,computers_accessories,1064.0,18.2,40.3,48.8
prod_00512,housewares,2882.0,24.5,15.0,40.5
prod_00513,toys,1630.0,11.7,32.0,19.4
prod_00514,telephony,3534.0,16.5,39.0,39.9
prod_00515,computers_accessories,8763.0,28.6,14.4,12.1
prod_00516,watches_gifts,5286.0,67.4,23.8,8.8
prod_00517,garden_tools,3921.0,46.9,14.5,59.6
prod_00518,health_beauty,5137.0,39.7,54.4,40.0
prod_00519,auto,6055.0,56.4,15.7,18.9
prod_00520,computers_accessories,3971.0,47.9,9.0,29.8
prod_00521,furniture_decor,4085.0,19.2,4.0,57.3
prod_00522,sports_leisure,6342.0,25.6,4.6,29.1
prod_00523,watches_gifts,642.0,25.6,13.1,54.5
prod_00524,toys,4907.0,52.0,37.3,52.8
prod_00525,computers_accessories,4971.0,42.3,3.0,23.9
prod_00526,furniture_decor,6835.0,37.1,18.6,43.3
prod_00527,sports_leisure,8846.0,49.0,5.4,41.3
prod_00528,toys,7182.0,77.9,25.4,47.4
prod_00529,fashion_shoes,4584.0,32.0,4.8,25.1
prod_00530,housewares,1608.0,46.4,37.2,7.9
prod_00531,garden_tools,5336.0,43.6,41.9,14.4
prod_00532,fashion_shoes,7525.0,60.2,44.4,38.9
prod_00533,toys,8398.0,61.1,15.0,47.6
prod_00534,garden_tools,7445.0,61.0,52.4,46.6
prod_00535,watches_gifts,1782.0,24.1,42.0,37.1
prod_00536,fashion_shoes,6442.0,41.4,5.3,9.7
prod_00537,computers_accessories,7933.0,66.8,27.6,6.0
prod_00538,sports_leisure,6161.0,36.7,46.5,48.0
prod_00539,garden_tools,6203.0,78.9,20.0,35.2
prod_00540,health_beauty,4551.0,35.5,24.1,48.0
prod_00541,watches_gifts,5769.0,44.8,38.5,14.0
prod_00542,toys,2720.0,43.2,5.2,27.4
prod_00543,computers_accessories,890.0,40.4,58.1,55.6
prod_00544,auto,7467.0,69.2,12.1,14.4
prod_00545,sports_leisure,8494.0,20.9,3.5,8.4
prod_00546,toys,7726.0,49.7,2.3,40.9
prod_00547,telephony,3072.0,53.3,25.2,37.7
prod_00548,bed_bath_table,932.0,69.6,53.3,57.4
prod_00549,garden_tools,2593.0,52.6,49.5,54.9
prod_00550,health_beauty,7601.0,77.2,54.9,46.2
prod_00551,computers_accessories,5937.0,71.1,33.0,6.1
prod_00552,toys,8704.0,34.4,28.0,31.4
prod_00553,toys,3150.0,70.2,24.4,54.3
prod_00554,health_beauty,5008.0,77.1,4.7,28.9
prod_00555,sports_leisure,7131.0,28.0,54.8,57.9
prod_00556,bed_bath_table,2183.0,52.7,30.8,40.9
prod_00557,furniture_decor,8680.0,29.7,28.4,11.0
prod_00558,fashion_shoes,5372.0,55.5,31.9,33.0
prod_00559,computers_accessories,170.0,16.6,48.1,43.3
prod_00560,telephony,324.0,61.4,15.0,8.6
prod_00561,auto,7952.0,39.4,43.2,24.0
prod_00562,toys,5843.0,51.1,43.2,44.4
prod_00563,sports_leisure,6891.0,11.8,51.3,13.6
prod_00564,garden_tools,7078.0,58.7,2.5,24.2
prod_00565,housewares,3842.0,44.7,11.9,42.9
prod_00566,bed_bath_table,7208.0,53.8,29.3,47.7
prod_00567,computers_accessories,8444.0,32.1,51.3,33.5
prod_00568,garden_tools,1632.0,20.2,58.0,57.6
prod_00569,garden_tools,6901.0,40.5,36.5,55.9
prod_00570,watches_gifts,2839.0,76.1,14.3,31.0
prod_00571,auto,2961.0,25.9,12.7,13.8
prod_00572,garden_tools,3774.0,57.3,39.1,47.5
prod_00573,sports_leisure,7787.0,13.5,14.2,18.4
prod_00574,furniture_decor,296.0,60.3,34.1,51.4
prod_00575,fashion_shoes,3962.0,26.7,50.4,37.3
prod_00576,fashion_shoes,6152.0,41.6,24.6,26.7
prod_00577,health_beauty,1083.0,35.7,24.0,35.6
prod_00578,auto,7151.0,17.9,4.1,34.3
prod_00579,bed_bath_table,8483.0,34.2,16.7,55.9
prod_00580,toys,909.0,34.5,42.5,16.8
prod_00581,telephony,1461.0,46.5,22.9,56.0
prod_00582,garden_tools,8769.0,78.1,11.2,6.7
prod_00583,garden_tools,1861.0,42.9,8.1,47.3
prod_00584,telephony,803.0,74.0,7.5,55.6
prod_00585,furniture_decor,8575.0,42.3,40.2,26.7
prod_00586,auto,8044.0,17.5,37.5,9.0
prod_00587,watches_gifts,5936.0,26.1,32.1,49.3
prod_00588,watches_gifts,5008.0,38.5,31.0,51.4
prod_00589,furniture_decor,8281.0,32.8,10.9,23.5
prod_00590,health_beauty,5934.0,70.6,31.0,33.5
prod_00591,watches_gifts,5960.0,57.5,5.5,49.5
prod_00592,sports_leisure,7609.0,50.5,55.7,15.6
prod_00593,telephony,5914.0,44.4,5.4,39.6
prod_00594,sports_leisure,4583.0,37.8,26.6,28.7
prod_00595,fashion_shoes,3569.0,52.9,2.0,14.6
prod_00596,garden_tools,4578.0,18.7,47.6,50.7
prod_00597,housewares,4750.0,21.4,11.6,22.9
prod_00598,garden_tools,3311.0,31.2,55.6,56.4
prod_00599,telephony,4088.0,22.0,4.6,36.3
prod_00600,telephony,7237.0,57.4,49.6,33.3
prod_00601,watches_gifts,3807.0,11.7,40.1,28.3
prod_00602,fashion_shoes,327.0,21.2,16.5,27.0
prod_00603,furniture_decor,2619.0,73.2,13.7,50.0
prod_00604,housewares,2163.0,79.8,22.7,42.3
prod_00605,furniture_decor,7163.0,44.1,50.0,47.6
prod_00606,watches_gifts,4099.0,44.7,52.0,28.2
prod_00607,fashion_shoes,2595.0,64.1,12.2,19.4
prod_00608,telephony,7315.0,12.5,22.5,9.8
prod_00609,computers_accessories,271.0,39.9,15.8,47.7
prod_00610,fashion_shoes,1651.0,17.0,9.1,27.8
prod_00611,auto,7460.0,38.1,39.5,33.0
prod_00612,housewares,5001.0,78.9,22.1,30.8
prod_00613,bed_bath_table,6985.0,62.8,15.1,28.7
prod_00614,sports_leisure,7560.0,79.0,52.2,42.6
prod_00615,auto,8483.0,62.2,45.4,38.5
prod_00616,watches_gifts,664.0,52.6,46.9,58.5
prod_00617,computers_accessories,7213.0,62.8,4.3,12.6
prod_00618,bed_bath_table,6408.0,56.1,55.1,36.5
prod_00619,fashion_shoes,1943.0,42.5,35.3,8.5
prod_00620,housewares,8392.0,30.5,31.2,49.4
prod_00621,garden_tools,3697.0,46.4,2.6,38.9
prod_00622,sports_leisure,8000.0,28.1,54.1,28.6
prod_00623,bed_bath_table,5486.0,44.1,33.5,49.1
prod_00624,sports_leisure,4788.0,20.2,49.9,30.0
prod_00625,garden_tools,1520.0,49.6,40.0,17.5
prod_00626,sports_leisure,8238.0,27.2,48.2,31.0
prod_00627,telephony,5054.0,30.6,42.2,8.9
prod_00628,housewares,154.0,44.9,55.4,54.4
prod_00629,sports_leisure,263.0,21.4,15.1,45.2
prod_00630,furniture_decor,7021.0,77.4,13.7,46.8
prod_00631,furniture_decor,1541.0,41.3,43.3,53.1
prod_00632,furniture_decor,5429.0,34.7,31.1,48.5
prod_00633,garden_tools,6162.0,12.0,36.8,28.8
prod_00634,sports_leisure,2586.0,69.0,43.1,11.5
prod_00635,garden_tools,5167.0,53.8,33.8,25.5
prod_00636,furniture_decor,2238.0,39.1,47.7,56.4
prod_00637,furniture_decor,8522.0,27.2,20.5,57.2
prod_00638,fashion_shoes,7756.0,62.2,51.8,47.2
prod_00639,toys,2664.0,76.2,8.2,16.2
prod_00640,sports_leisure,4806.0,36.7,38.8,15.7
prod_00641,furniture_decor,4556.0,19.4,53.6,53.4
prod_00642,garden_tools,8644.0,17.6,16.7,12.8
prod_00643,health_beauty,3607.0,10.4,21.0,37.1
prod_00644,housewares,5104.0,62.1,19.7,25.8
prod_00645,telephony,8365.0,78.7,34.7,21.6
prod_00646,garden_tools,1549.0,79.5,25.9,42.3
prod_00647,bed_bath_table,4999.0,64.9,8.3,57.8
prod_00648,health_beauty,1040.0,21.4,53.7,47.8
prod_00649,furniture_decor,5596.0,78.4,13.9,31.7
prod_00650,bed_bath_table,3355.0,32.9,33.0,29.2
prod_00651,watches_gifts,8712.0,33.4,36.5,54.9
prod_00652,fashion_shoes,3797.0,58.1,4.4,36.8
prod_00653,furniture_decor,1312.0,13.4,7.6,32.3
prod_00654,housewares,7523.0,67.8,58.4,42.6
prod_00655,computers_accessories,7406.0,79.8,40.5,18.0
prod_00656,health_beauty,6284.0,64.3,3.9,8.5
prod_00657,garden_tools,6764.0,64.7,48.1,52.0
prod_00658,furniture_decor,2456.0,37.3,31.5,38.4
prod_00659,watches_gifts,5814.0,14.6,6.4,14.1
prod_00660,garden_tools,438.0,65.5,41.5,21.4
prod_00661,toys,1852.0,51.8,31.0,59.4
prod_00662,computers_accessories,8397.0,73.7,13.9,39.9
prod_00663,watches_gifts,6679.0,18.1,52.9,40.0
prod_00664,toys,2153.0,31.4,18.9,9.0
prod_00665,housewares,1091.0,35.2,18.5,58.3
prod_00666,health_beauty,8545.0,57.8,17.8,54.1
prod_00667,furniture_decor,1098.0,65.1,46.5,35.1
prod_00668,auto,2388.0,77.3,43.0,22.0
prod_00669,auto,1725.0,30.7,54.4,43.4
prod_00670,furniture_decor,166.0,44.6,15.3,50.8
prod_00671,computers_accessories,2896.0,12.0,47.6,48.2
prod_00672,furniture_decor,8770.0,27.7,35.2,58.7
prod_00673,computers_accessories,3143.0,36.2,19.9,40.0
prod_00674,garden_tools,4588.0,51.6,4.1,22.7
prod_00675,toys,6739.0,43.0,49.5,32.4
prod_00676,health_beauty,5005.0,35.5,16.0,49.9
prod_00677,garden_tools,6718.0,53.7,38.6,19.6
prod_00678,auto,5989.0,68.0,33.8,17.7
prod_00679,telephony,5516.0,26.9,2.3,44.9
prod_00680,toys,5882.0,34.0,59.7,29.4
prod_00681,health_beauty,7213.0,59.3,49.2,49.9
prod_00682,garden_tools,6421.0,64.5,30.2,12.9
prod_00683,bed_bath_table,7147.0,67.8,41.5,23.5
prod_00684,toys,1396.0,24.7,29.6,19.7
prod_00685,housewares,6131.0,47.7,45.2,43.4
prod_00686,bed_bath_table,6659.0,73.0,9.8,46.8
prod_00687,garden_tools,2770.0,37.4,27.9,30.1
prod_00688,garden_tools,7884.0,40.1,21.5,31.3
prod_00689,housewares,2812.0,78.9,28.7,12.3
prod_00690,furniture_decor,2270.0,17.9,28.1,43.6
prod_00691,health_beauty,7817.0,59.4,10.3,59.6
prod_00692,toys,2298.0,69.5,58.6,47.8
prod_00693,computers_accessories,3798.0,20.6,2.9,17.3
prod_00694,toys,3375.0,60.0,2.6,39.3
prod_00695,telephony,8093.0,42.9,23.7,21.2
prod_00696,garden_tools,4152.0,69.7,38.0,6.7
prod_00697,garden_tools,6279.0,73.5,12.4,14.9
prod_00698,toys,7167.0,71.1,32.9,10.6
prod_00699,health_beauty,5688.0,14.5,43.9,15.8
