seller_id,seller_zip_code_prefix,seller_city,seller_state
seller_0000,96727,goiania,GO
seller_0001,68929,recife,PE
seller_0002,39207,fortaleza,CE
seller_0003,22247,londrina,PR
seller_0004,91661,sao paulo,SP
seller_0005,82506,olinda,PE
seller_0006,5407,joinville,SC
seller_0007,63935,serra,ES
seller_0008,12347,belo horizonte,MG
seller_0009,30117,salvador,BA
seller_0010,57233,rio de janeiro,RJ
seller_0011,25662,joinville,SC
seller_0012,51736,sao paulo,SP
seller_0013,43527,olinda,PE
seller_0014,58567,brasilia,DF
seller_0015,80270,petropolis,RJ
seller_0016,16362,blumenau,SC
seller_0017,79819,florianopolis,SC
seller_0018,23014,goiania,GO
seller_0019,4304,joinville,SC
seller_0020,45195,joinville,SC
seller_0021,30926,recife,PE
seller_0022,19268,feira de santana,BA
seller_0023,42861,olinda,PE
seller_0024,87015,fortaleza,CE
seller_0025,58972,fortaleza,CE
seller_0026,73055,vitoria,ES
seller_0027,15803,goiania,GO
seller_0028,8506,feira de santana,BA
seller_0029,34192,feira de santana,BA
seller_0030,77667,belo horizonte,MG
seller_0031,88673,recife,PE
seller_0032,11072,goiania,GO
seller_0033,48177,fortaleza,CE
seller_0034,40253,goiania,GO
seller_0035,74669,florianopolis,SC
seller_0036,21344,maringa,PR
seller_0037,48992,serra,ES
seller_0038,85130,anapolis,GO
seller_0039,47032,sobral,CE
seller_0040,78345,brasilia,DF
seller_0041,62570,salvador,BA
seller_0042,60142,sorocaba,SP
seller_0043,26676,sao paulo,SP
seller_0044,99255,anapolis,GO
seller_0045,25730,contagem,MG
seller_0046,93167,santos,SP
seller_0047,98945,recife,PE
seller_0048,51626,brasilia,DF
seller_0049,87029,niteroi,RJ
seller_0050,71793,blumenau,SC
seller_0051,74036,florianopolis,SC
seller_0052,7782,santos,SP
seller_0053,14577,brasilia,DF
seller_0054,7892,porto alegre,RS
seller_0055,3992,fortaleza,CE
seller_0056,83760,petropolis,RJ
seller_0057,18365,fortaleza,CE
seller_0058,1627,sao paulo,SP
seller_0059,93834,recife,PE
seller_0060,28596,recife,PE
seller_0061,81811,pelotas,RS
seller_0062,96090,maringa,PR
seller_0063,52784,rio de janeiro,RJ
seller_0064,92744,porto alegre,RS
seller_0065,96908,anapolis,GO
seller_0066,15284,anapolis,GO
seller_0067,15511,contagem,MG
seller_0068,37623,santos,SP
seller_0069,56355,feira de santana,BA
seller_0070,78816,salvador,BA
seller_0071,19138,serra,ES
seller_0072,20146,olinda,PE
seller_0073,31336,salvador,BA
seller_0074,27867,brasilia,DF
seller_0075,94072,brasilia,DF
seller_0076,40202,florianopolis,SC
seller_0077,86958,anapolis,GO
seller_0078,6532,contagem,MG
seller_0079,11077,olinda,PE
seller_0080,80556,fortaleza,CE
seller_0081,25704,joinville,SC
seller_0082,9179,blumenau,SC
seller_0083,59855,florianopolis,SC
seller_0084,15580,olinda,PE
seller_0085,7073,belo horizonte,MG
seller_0086,41205,porto alegre,RS
seller_0087,55457,brasilia,DF
seller_0088,53208,goiania,GO
seller_0089,58864,maringa,PR
seller_0090,3338,petropolis,RJ
seller_0091,29805,salvador,BA
seller_0092,35002,brasilia,DF
seller_0093,30018,recife,PE
seller_0094,56345,sao paulo,SP
seller_0095,23678,santos,SP
seller_0096,63566,pelotas,RS
seller_0097,93631,feira de santana,BA
seller_0098,66413,campinas,SP
seller_0099,39497,belo horizonte,MG
seller_0100,44036,florianopolis,SC
seller_0101,58941,maringa,PR
seller_0102,72672,goiania,GO
seller_0103,30855,sao paulo,SP
seller_0104,4802,sobral,CE
seller_0105,70563,belo horizonte,MG
seller_0106,66491,blumenau,SC
seller_0107,11042,vitoria,ES
seller_0108,63028,brasilia,DF
seller_0109,8092,serra,ES
seller_0110,64665,campinas,SP
seller_0111,74683,anapolis,GO
seller_0112,2536,campinas,SP
seller_0113,72939,brasilia,DF
seller_0114,12924,londrina,PR
seller_0115,27234,recife,PE
seller_0116,70778,petropolis,RJ
seller_0117,36149,fortaleza,CE
seller_0118,97725,florianopolis,SC
seller_0119,95767,salvador,BA
seller_0120,98702,feira de santana,BA
seller_0121,11328,santos,SP
seller_0122,18452,londrina,PR
seller_0123,19131,goiania,GO
seller_0124,58948,serra,ES
seller_0125,43573,serra,ES
seller_0126,74839,feira de santana,BA
seller_0127,28927,maringa,PR
seller_0128,20775,florianopolis,SC
seller_0129,65251,blumenau,SC
seller_0130,62108,caxias do sul,RS
seller_0131,69368,caxias do sul,RS
seller_0132,31893,fortaleza,CE
seller_0133,53111,caxias do sul,RS
seller_0134,92905,sorocaba,SP
seller_0135,61507,anapolis,GO
seller_0136,93315,brasilia,DF
seller_0137,43908,pelotas,RS
seller_0138,5439,brasilia,DF
seller_0139,76277,serra,ES
seller_0140,46584,vitoria,ES
seller_0141,5167,olinda,PE
seller_0142,14734,brasilia,DF
seller_0143,31975,sorocaba,SP
seller_0144,19908,salvador,BA
seller_0145,68757,olinda,PE
seller_0146,61504,sobral,CE
seller_0147,33634,olinda,PE
seller_0148,9380,serra,ES
seller_0149,8774,salvador,BA
seller_0150,94616,rio de janeiro,RJ
seller_0151,35155,florianopolis,SC
seller_0152,11621,londrina,PR
seller_0153,71437,sobral,CE
seller_0154,87125,olinda,PE
seller_0155,13076,florianopolis,SC
seller_0156,94546,pelotas,RS
seller_0157,72737,niteroi,RJ
seller_0158,25951,campinas,SP
seller_0159,77769,maringa,PR
seller_0160,42574,belo horizonte,MG
seller_0161,63894,londrina,PR
seller_0162,13563,vitoria,ES
seller_0163,25178,goiania,GO
seller_0164,77568,feira de santana,BA
seller_0165,80723,uberlandia,MG
seller_0166,2082,sobral,CE
seller_0167,22229,brasilia,DF
seller_0168,61144,salvador,BA
seller_0169,90675,blumenau,SC
seller_0170,67754,feira de santana,BA
seller_0171,70957,fortaleza,CE
seller_0172,39475,goiania,GO
seller_0173,6417,florianopolis,SC
seller_0174,76824,anapolis,GO
seller_0175,80128,serra,ES
seller_0176,44886,londrina,PR
seller_0177,51136,sobral,CE
seller_0178,24269,brasilia,DF
seller_0179,45811,belo horizonte,MG
